,Date,Open,High,Low,Close,Adj Close,Volume
0,2019-10-02,56.490002,56.860001,56.490002,56.860001,51.587868,1125
1,2019-10-04,55.580002,56.630001,55.5,56.630001,51.379189,112
2,2019-10-07,56.220001,56.830002,56.200001,56.360001,51.134232,309
3,2019-10-08,56.330002,56.650002,56.330002,56.650002,51.397335,170
4,2019-10-09,54.93,54.93,54.93,54.93,49.836819,0
5,2019-10-10,55.040001,55.040001,55.040001,55.040001,49.936626,0
6,2019-10-11,56.400002,56.400002,56.400002,56.400002,51.170521,0
7,2019-10-14,57.0,57.0,56.810001,56.810001,51.5425,1834
8,2019-10-15,56.970001,58.07,56.970001,58.07,52.685677,35
9,2019-10-16,58.380001,59.310001,58.380001,59.310001,53.810699,266
10,2019-10-17,58.75,59.669998,58.75,59.669998,54.137314,360
11,2019-10-18,59.389999,59.389999,59.220001,59.220001,53.72905,270
12,2019-10-21,59.169998,59.169998,59.150002,59.150002,53.665539,40
13,2019-10-22,58.740002,59.200001,58.740002,59.200001,53.710899,500
14,2019-10-23,59.490002,59.490002,59.240002,59.240002,54.205002,190
15,2019-10-24,58.650002,58.73,58.650002,58.73,53.738342,867
16,2019-10-25,58.060001,58.060001,58.060001,58.060001,53.125294,0
17,2019-10-28,58.450001,58.450001,58.450001,58.450001,53.482147,0
18,2019-10-29,59.09,59.639999,59.09,59.330002,54.287357,268
19,2019-10-30,58.939999,59.639999,58.939999,59.639999,54.571007,100
20,2019-10-31,59.810001,60.279999,59.209999,59.209999,54.177551,56
21,2019-11-01,59.310001,60.0,59.310001,60.0,54.900402,170
22,2019-11-04,59.98,59.98,59.860001,59.860001,54.772308,188
23,2019-11-05,60.889999,61.110001,60.889999,61.110001,55.916061,39
24,2019-11-06,60.529999,63.419998,60.529999,63.419998,58.029724,5251
25,2019-11-07,63.84,64.629997,63.84,64.410004,58.935589,2014
26,2019-11-08,64.550003,65.050003,64.550003,65.050003,59.521194,125
27,2019-11-11,65.169998,65.980003,65.169998,65.980003,60.37215,284
28,2019-11-12,64.82,64.870003,64.82,64.870003,59.356495,56
29,2019-11-13,65.269997,65.309998,65.040001,65.040001,59.512039,310
30,2019-11-14,65.879997,65.879997,65.879997,65.879997,60.28064,0
31,2019-11-15,66.099998,66.099998,66.019997,66.019997,60.408745,600
32,2019-11-18,66.809998,67.470001,66.809998,67.470001,61.735512,1914
33,2019-11-19,67.540001,68.370003,67.510002,67.510002,61.77211,137
34,2019-11-20,67.589996,67.589996,67.489998,67.489998,61.753803,420
35,2019-11-21,67.230003,67.919998,67.190002,67.919998,62.147255,170
36,2019-11-22,67.419998,68.230003,67.419998,68.230003,62.430916,70
37,2019-11-25,68.160004,69.239998,68.07,69.239998,63.355057,180
38,2019-11-26,69.199997,69.199997,69.050003,69.050003,63.181213,100
39,2019-11-27,67.839996,67.839996,67.839996,67.839996,62.074055,0
40,2019-11-28,67.690002,68.029999,67.690002,68.029999,62.247906,0
41,2019-11-29,68.330002,68.330002,68.330002,68.330002,62.522408,150
42,2019-12-02,68.190002,68.760002,68.190002,68.760002,62.915863,269
43,2019-12-03,67.989998,67.989998,66.580002,66.580002,60.92115,65
44,2019-12-04,67.129997,67.129997,67.129997,67.129997,61.424404,6
45,2019-12-05,67.330002,67.330002,67.330002,67.330002,61.60741,0
46,2019-12-06,66.860001,66.860001,66.860001,66.860001,61.177353,0
47,2019-12-09,67.739998,67.739998,67.739998,67.739998,61.982567,0
48,2019-12-10,67.440002,67.440002,65.650002,65.650002,60.07019,102
49,2019-12-11,65.730003,65.730003,65.730003,65.730003,60.143391,0
50,2019-12-12,65.620003,65.620003,65.620003,65.620003,60.042736,1
51,2019-12-13,66.440002,66.440002,66.269997,66.269997,60.637497,9
52,2019-12-16,65.910004,67.169998,65.910004,67.169998,61.461014,461
53,2019-12-17,66.5,66.510002,66.5,66.510002,60.857105,30
54,2019-12-18,65.519997,66.18,65.510002,65.660004,60.07935,74
55,2019-12-19,65.519997,65.519997,65.519997,65.519997,59.951237,0
56,2019-12-20,66.330002,67.019997,66.309998,67.019997,61.323746,71
57,2019-12-23,66.940002,66.949997,66.93,66.940002,61.250553,1119
58,2019-12-27,66.669998,66.68,66.290001,66.449997,60.802189,262
59,2019-12-30,66.089996,66.150002,66.080002,66.139999,60.518539,60
60,2020-01-02,65.949997,66.309998,65.779999,65.889999,60.28981,61
61,2020-01-03,66.059998,66.089996,65.660004,66.0,60.390446,1300
62,2020-01-06,65.419998,65.669998,65.050003,65.669998,60.088501,225
63,2020-01-07,65.790001,65.790001,65.610001,65.610001,60.0336,180
64,2020-01-08,64.559998,66.099998,64.550003,65.5,59.932945,1102
65,2020-01-09,65.269997,65.720001,65.260002,65.690002,60.106796,132
66,2020-01-10,65.389999,66.169998,65.389999,65.550003,59.978703,124
67,2020-01-13,64.620003,64.620003,64.389999,64.389999,58.917286,14
68,2020-01-14,64.989998,65.900002,64.989998,65.900002,60.298943,150
69,2020-01-15,65.949997,66.809998,65.949997,66.809998,61.131603,50
70,2020-01-16,67.300003,67.599998,67.300003,67.599998,61.85445,160
71,2020-01-17,67.959999,68.440002,67.959999,68.440002,62.623074,35
72,2020-01-20,67.800003,68.739998,67.800003,68.279999,62.476669,611
73,2020-01-21,67.970001,67.970001,67.970001,67.970001,62.193016,0
74,2020-01-22,67.199997,67.199997,66.660004,67.059998,61.815083,279
75,2020-01-23,66.339996,66.339996,65.830002,65.830002,60.681282,22
76,2020-01-24,66.269997,66.43,66.269997,66.379997,61.188259,800
77,2020-01-27,63.889999,64.029999,63.619999,64.029999,59.02206,610
78,2020-01-28,64.400002,64.400002,64.400002,64.400002,59.363129,0
79,2020-01-29,65.010002,65.169998,64.580002,64.580002,59.529045,6
80,2020-01-30,63.360001,63.360001,61.880001,61.880001,57.040218,464
81,2020-01-31,63.029999,63.029999,61.5,61.5,56.689941,327
82,2020-02-03,61.220001,61.220001,61.200001,61.200001,56.413406,0
83,2020-02-04,60.529999,61.23,60.529999,61.23,56.441051,81
84,2020-02-05,61.150002,61.740002,61.150002,61.740002,56.911171,125
85,2020-02-06,64.019997,64.650002,64.019997,64.650002,59.593575,30
86,2020-02-07,64.230003,64.870003,64.190002,64.830002,59.759495,90
87,2020-02-10,65.730003,66.830002,65.040001,66.68,61.464806,37
88,2020-02-11,67.010002,67.660004,67.010002,67.660004,62.368153,310
89,2020-02-12,67.529999,68.589996,67.449997,67.449997,62.174572,0
90,2020-02-13,67.290001,67.620003,67.18,67.620003,62.331284,37
91,2020-02-14,66.18,66.18,66.18,66.18,61.003899,0
92,2020-02-17,65.669998,65.68,65.629997,65.68,60.543003,0
93,2020-02-18,65.400002,66.18,65.400002,65.629997,60.49691,681
94,2020-02-19,66.459999,66.830002,66.459999,66.559998,61.354179,256
95,2020-02-20,66.190002,66.190002,66.080002,66.080002,60.911724,131
96,2020-02-21,66.010002,66.010002,65.889999,65.889999,60.736584,0
97,2020-02-24,65.75,65.75,63.32,63.32,58.367588,660
98,2020-02-25,62.740002,62.950001,60.799999,60.799999,56.044682,420
99,2020-02-26,58.849998,59.299999,58.150002,59.299999,54.662006,373
100,2020-02-27,56.330002,56.330002,54.810001,55.470001,51.131561,705
101,2020-02-28,50.919998,53.869999,50.130001,52.709999,48.587425,387
102,2020-03-02,54.259998,55.990002,54.259998,55.990002,51.610889,0
103,2020-03-03,57.029999,58.57,57.009998,57.009998,52.551113,200
104,2020-03-04,56.400002,59.200001,56.400002,58.23,53.67569,371
105,2020-03-05,58.349998,58.380001,58.02,58.02,53.482113,35
106,2020-03-06,56.57,56.57,56.57,56.57,52.145519,0
107,2020-03-09,53.82,53.82,53.400002,53.400002,49.223457,11
108,2020-03-10,55.709999,56.169998,55.709999,56.169998,51.776802,50
109,2020-03-11,53.82,53.82,53.82,53.82,49.610615,0
110,2020-03-12,51.799999,51.799999,50.209999,50.209999,46.282951,370
111,2020-03-13,50.02,50.689999,50.0,50.0,46.089378,412
112,2020-03-16,48.884998,49.445,48.650002,49.445,45.577785,197
113,2020-03-17,48.525002,48.994999,48.23,48.23,44.457817,12
114,2020-03-18,49.404999,53.27,49.404999,53.27,49.103626,52
115,2020-03-19,52.23,52.23,52.23,52.23,48.14497,0
116,2020-03-20,52.560001,52.560001,52.560001,52.560001,48.449154,0
117,2020-03-23,50.709999,51.73,49.23,49.23,45.379604,675
118,2020-03-24,51.630001,51.630001,50.25,50.25,46.319824,326
119,2020-03-25,51.740002,51.93,50.91,51.77,47.720943,797
120,2020-03-26,49.18,50.299999,48.82,50.290001,46.356705,162
121,2020-03-27,51.360001,53.200001,51.290001,53.200001,49.039097,397
122,2020-03-30,52.950001,53.23,52.950001,53.23,49.066753,85
123,2020-03-31,53.669998,54.779999,53.119999,53.119999,48.965355,611
124,2020-04-01,51.220001,52.419998,51.220001,52.419998,48.320099,50
125,2020-04-02,53.439999,53.439999,50.130001,51.360001,47.343018,277
126,2020-04-03,50.389999,51.880001,50.389999,51.880001,47.822338,692
127,2020-04-06,53.360001,53.360001,52.310001,52.310001,48.218708,20
128,2020-04-07,51.869999,53.380001,51.869999,53.380001,49.205025,238
129,2020-04-08,52.130001,52.189999,51.990002,51.990002,47.92374,0
130,2020-04-09,54.610001,54.610001,54.610001,54.610001,50.338825,0
131,2020-04-14,54.240002,56.049999,54.240002,56.049999,51.666191,422
132,2020-04-15,55.720001,55.720001,54.810001,55.330002,51.00251,50
133,2020-04-16,55.43,56.16,55.43,55.869999,51.500275,510
134,2020-04-17,59.490002,59.919998,57.380001,57.82,53.29776,432
135,2020-04-20,57.950001,58.810001,57.48,58.16,53.611168,351
136,2020-04-21,57.0,57.0,55.950001,55.950001,51.57402,200
137,2020-04-22,55.52,56.369999,55.52,56.369999,52.42971,44
138,2020-04-23,55.59,56.599998,55.59,56.599998,52.643631,0
139,2020-04-24,56.290001,57.110001,56.290001,56.599998,52.643631,540
140,2020-04-27,57.5,58.34,57.5,58.240002,54.168995,120
141,2020-04-28,59.099998,59.099998,58.209999,58.209999,54.141087,182
142,2020-04-29,58.439999,58.439999,58.439999,58.439999,54.355015,0
143,2020-04-30,57.560001,57.970001,56.490002,56.490002,52.541321,118
144,2020-05-04,54.139999,54.139999,54.09,54.09,50.309078,0
145,2020-05-05,54.91,55.93,54.91,55.93,52.020462,70
146,2020-05-06,56.540001,58.41,56.540001,58.41,54.327114,80
147,2020-05-07,55.869999,56.419998,55.869999,56.419998,52.476208,0
148,2020-05-08,56.889999,56.889999,56.889999,56.889999,52.913357,0
149,2020-05-11,58.0,58.700001,58.0,58.68,54.578239,435
150,2020-05-12,58.52,58.52,58.52,58.52,54.429417,0
151,2020-05-13,58.040001,58.549999,57.970001,57.970001,53.917862,128
152,2020-05-14,56.790001,57.009998,56.02,56.75,52.78315,323
153,2020-05-15,57.330002,57.330002,57.330002,57.330002,53.322601,0
154,2020-05-18,58.490002,58.599998,58.490002,58.599998,54.50383,309
155,2020-05-19,58.099998,58.099998,58.040001,58.040001,53.982971,20
156,2020-05-20,57.950001,57.950001,57.950001,57.950001,53.899261,0
157,2020-05-21,57.799999,57.799999,57.799999,57.799999,53.75975,10
158,2020-05-22,57.360001,57.830002,57.360001,57.830002,53.787651,0
159,2020-05-25,58.139999,58.720001,57.869999,57.869999,53.824856,360
160,2020-05-26,58.380001,58.380001,58.380001,58.380001,54.299206,0
161,2020-05-27,58.939999,59.630001,58.939999,59.110001,54.97818,166
162,2020-05-28,59.709999,60.950001,59.709999,60.950001,56.68956,50
163,2020-05-29,59.639999,60.02,58.889999,58.889999,54.773556,170
164,2020-06-02,58.599998,60.119999,58.599998,60.119999,55.917576,7
165,2020-06-03,60.09,60.09,59.279999,59.279999,55.136292,35
166,2020-06-04,59.259998,59.830002,59.0,59.0,54.875866,116
167,2020-06-05,58.52,60.77,58.52,60.77,56.522141,150
168,2020-06-08,60.189999,61.77,60.189999,61.77,57.45224,150
169,2020-06-09,62.84,62.84,60.98,60.98,56.717464,5532
170,2020-06-10,60.93,60.93,60.02,60.310001,56.094299,221
171,2020-06-11,57.68,57.68,56.720001,56.720001,52.755238,2285
172,2020-06-12,56.009998,56.880001,56.009998,56.880001,52.90406,570
173,2020-06-15,55.009998,55.73,54.849998,55.73,51.834442,262
174,2020-06-16,57.360001,57.369999,57.360001,57.369999,53.359798,18
175,2020-06-17,57.950001,58.98,57.950001,58.439999,54.355015,345
176,2020-06-18,57.360001,57.66,57.360001,57.66,53.629532,0
177,2020-06-19,57.259998,58.650002,57.259998,57.959999,53.908569,70
178,2020-06-22,57.439999,57.439999,56.240002,56.240002,52.308796,180
179,2020-06-23,56.799999,56.889999,56.799999,56.889999,52.913357,60
180,2020-06-24,56.619999,56.619999,55.869999,55.869999,51.964657,0
181,2020-06-25,55.889999,55.889999,55.889999,55.889999,51.983257,0
182,2020-06-26,56.759998,56.950001,56.529999,56.950001,52.969166,630
183,2020-06-29,56.139999,57.110001,56.139999,57.110001,53.117981,53
184,2020-06-30,57.139999,57.18,57.07,57.07,53.080772,0
185,2020-07-01,57.459999,58.169998,57.459999,58.049999,53.992283,60
186,2020-07-02,57.029999,57.119999,57.029999,57.119999,53.127277,0
187,2020-07-03,57.400002,57.400002,57.27,57.27,53.2668,0
188,2020-07-06,57.48,57.689999,57.279999,57.439999,53.424911,7
189,2020-07-07,57.040001,57.099998,56.509998,56.75,52.78315,140
190,2020-07-08,56.360001,56.490002,55.18,55.18,51.322891,0
191,2020-07-09,55.290001,55.709999,55.290001,55.709999,51.815838,395
192,2020-07-10,53.880001,53.919998,53.880001,53.919998,50.150959,0
193,2020-07-13,55.27,55.380001,55.119999,55.119999,51.267082,0
194,2020-07-14,55.200001,55.200001,54.970001,55.099998,51.248482,123
195,2020-07-15,55.799999,56.299999,55.610001,56.299999,52.364597,315
196,2020-07-16,56.209999,56.57,56.18,56.389999,52.448311,135
197,2020-07-17,56.779999,57.23,56.779999,57.23,53.229588,17
198,2020-07-20,56.549999,56.93,55.779999,55.779999,51.880943,118
199,2020-07-21,55.77,56.369999,55.73,56.0,52.085567,96
200,2020-07-22,55.700001,55.700001,54.540001,54.849998,51.475559,230
201,2020-07-23,54.830002,55.130001,54.830002,54.93,51.55064,0
202,2020-07-24,54.57,55.369999,54.200001,55.369999,51.963573,6890
203,2020-07-27,53.900002,53.900002,53.150002,53.150002,49.880142,60
204,2020-07-28,53.09,53.639999,53.09,53.639999,50.340004,94
205,2020-07-29,53.630001,53.630001,53.630001,53.630001,50.33062,0
206,2020-07-30,54.299999,54.299999,53.889999,54.09,50.762318,2
207,2020-07-31,53.700001,53.700001,53.700001,53.700001,50.396313,0
208,2020-08-03,53.200001,53.200001,53.200001,53.200001,49.927078,0
209,2020-08-04,54.029999,54.029999,54.029999,54.029999,50.706009,0
210,2020-08-05,55.0,56.639999,53.91,53.91,50.593388,215
211,2020-08-06,53.93,54.610001,53.93,54.610001,51.250324,75
212,2020-08-07,53.799999,53.799999,53.799999,53.799999,50.49015,0
213,2020-08-10,54.880001,54.880001,54.880001,54.880001,51.503716,0
214,2020-08-11,55.740002,56.299999,55.740002,56.299999,52.836357,230
215,2020-08-12,55.48,56.0,55.150002,55.150002,51.757103,43
216,2020-08-13,54.610001,55.139999,54.610001,55.139999,51.747723,20
217,2020-08-14,54.549999,54.549999,54.549999,54.549999,51.194019,0
218,2020-08-17,55.080002,55.75,54.77,54.77,51.400486,2
219,2020-08-18,54.349998,54.5,54.349998,54.5,51.147095,4
220,2020-08-19,54.349998,54.349998,54.349998,54.349998,51.006321,0
221,2020-08-20,54.73,54.73,54.560001,54.669998,51.306629,72
222,2020-08-21,53.419998,53.419998,53.419998,53.419998,50.133537,0
223,2020-08-24,53.419998,53.419998,53.419998,53.419998,50.133537,0
224,2020-08-25,53.419998,53.419998,53.419998,53.419998,50.133537,0
225,2020-08-26,53.419998,53.419998,53.419998,53.419998,50.133537,0
226,2020-08-27,52.740002,53.349998,52.740002,53.349998,50.067844,30
227,2020-08-28,53.310001,53.310001,52.779999,52.779999,49.532902,925
228,2020-08-31,52.950001,52.950001,52.799999,52.799999,49.551678,40
229,2020-09-01,51.630001,51.630001,51.259998,51.279999,48.125195,125
230,2020-09-02,50.52,50.799999,50.52,50.799999,47.674721,45
231,2020-09-03,51.299999,51.490002,51.299999,51.490002,48.322273,707
232,2020-09-04,50.75,51.369999,50.75,51.369999,48.209652,20
233,2020-09-07,50.549999,50.549999,50.549999,50.549999,47.440098,0
234,2020-09-08,50.889999,50.889999,50.650002,50.650002,47.533955,310
235,2020-09-09,50.43,50.599998,50.43,50.599998,47.487026,30
236,2020-09-10,50.150002,50.459999,49.77,49.77,46.708088,608
237,2020-09-11,48.990002,49.805,48.5,48.5,45.516224,732
238,2020-09-14,48.52,48.52,48.355,48.355,45.380142,70
239,2020-09-15,48.584999,49.189999,48.584999,48.825001,45.821228,122
240,2020-09-16,47.91,48.25,47.91,48.25,45.281601,180
241,2020-09-17,48.185001,48.185001,48.185001,48.185001,45.2206,0
242,2020-09-18,49.07,49.07,49.07,49.07,46.051151,0
243,2020-09-21,50.369999,50.369999,49.799999,49.799999,46.73624,33
244,2020-09-22,50.0,50.0,50.0,50.0,46.923939,20
245,2020-09-23,49.555,49.555,49.555,49.555,46.506313,0
246,2020-09-24,48.985001,49.389999,48.985001,49.049999,46.032379,211
247,2020-09-25,48.470001,48.84,48.419998,48.84,45.835304,275
248,2020-09-28,50.490002,50.490002,49.935001,50.110001,47.027172,318
249,2020-09-29,49.540001,49.540001,49.540001,49.540001,46.492237,0
250,2020-09-30,48.580002,49.389999,48.580002,49.389999,46.351463,50
251,2020-10-01,49.709999,50.91,49.709999,50.91,47.777958,253
252,2020-10-02,48.615002,49.455002,48.57,49.240002,46.210697,290
253,2020-10-05,49.220001,50.439999,49.220001,49.639999,46.58609,361
254,2020-10-06,49.77,50.349998,49.77,50.330002,47.233635,850
255,2020-10-07,49.355,49.355,49.355,49.355,46.318615,0
256,2020-10-08,50.34,50.860001,50.34,50.450001,47.34626,20
257,2020-10-09,51.189999,51.619999,50.849998,50.849998,47.721649,96
258,2020-10-12,50.099998,50.919998,50.099998,50.919998,47.787342,65
259,2020-10-13,50.380001,50.889999,50.380001,50.860001,47.73103,2933
260,2020-10-14,50.16,50.16,50.02,50.02,46.942715,100
261,2020-10-15,49.619999,49.619999,49.619999,49.619999,46.567314,0
262,2020-10-16,50.59,50.849998,50.59,50.849998,47.721649,20
263,2020-10-19,50.869999,51.0,50.869999,50.889999,47.75919,153
264,2020-10-20,49.900002,50.25,49.869999,50.049999,46.97086,4940
265,2020-10-21,50.169998,50.169998,49.470001,50.009998,47.406918,580
266,2020-10-22,49.814999,50.189999,49.75,49.75,47.160454,357
267,2020-10-23,50.310001,50.880001,50.310001,50.880001,48.23164,11
268,2020-10-26,50.52,50.52,49.959999,49.959999,47.359524,39
269,2020-10-27,50.32,50.32,50.32,50.32,47.700783,0
270,2020-10-28,49.154999,49.345001,48.485001,48.485001,45.961292,60
271,2020-10-29,48.27,48.27,48.27,48.27,45.757488,0
272,2020-10-30,47.380001,48.075001,47.380001,47.759998,45.274033,70
273,2020-11-02,48.09,48.09,48.09,48.09,45.586857,0
274,2020-11-03,49.810001,51.02,49.810001,50.75,48.108402,270
275,2020-11-04,51.470001,51.470001,51.470001,51.470001,48.790928,200
276,2020-11-05,51.669998,52.709999,51.669998,52.360001,49.634602,985
277,2020-11-06,52.080002,54.889999,52.080002,54.889999,52.032906,177
278,2020-11-09,57.209999,57.529999,55.59,57.529999,54.535492,607
279,2020-11-10,56.810001,59.049999,56.799999,58.860001,55.796265,630
280,2020-11-11,59.23,60.139999,59.23,59.939999,56.820053,535
281,2020-11-12,59.220001,59.220001,57.540001,58.869999,55.80574,343
282,2020-11-13,58.529999,58.630001,58.529999,58.630001,55.578239,30
283,2020-11-16,60.43,62.380001,60.080002,62.299999,59.057205,1528
284,2020-11-17,61.59,62.09,56.470001,56.470001,53.530666,1450
285,2020-11-18,56.150002,57.52,56.150002,56.860001,53.900372,676
286,2020-11-19,55.759998,56.290001,55.630001,55.860001,52.952415,160
287,2020-11-20,55.23,55.880001,55.23,55.810001,52.905018,633
288,2020-11-23,56.299999,56.5,56.299999,56.5,53.559105,59
289,2020-11-24,56.27,57.549999,56.27,57.549999,54.554455,1
290,2020-11-25,57.259998,57.259998,57.259998,57.259998,54.279545,0
291,2020-11-26,56.450001,57.07,56.450001,57.049999,54.080475,120
292,2020-11-27,56.450001,56.919998,56.450001,56.82,53.86245,110
293,2020-11-30,56.099998,56.73,56.099998,56.73,53.777134,26
294,2020-12-01,56.709999,56.709999,56.709999,56.709999,53.758175,0
295,2020-12-02,55.630001,58.0,55.630001,58.0,54.981033,290
296,2020-12-03,57.16,57.75,57.16,57.75,54.744045,3
297,2020-12-04,59.43,60.59,59.43,60.59,57.436218,100
298,2020-12-07,61.07,61.07,60.0,60.0,56.876926,65
299,2020-12-08,60.41,60.41,60.41,60.41,57.265587,0
300,2020-12-09,60.669998,61.830002,60.669998,61.209999,58.023952,130
301,2020-12-10,60.529999,60.529999,59.860001,59.860001,56.744213,200
302,2020-12-11,59.110001,59.139999,58.549999,58.549999,55.502399,130
303,2020-12-14,58.779999,59.009998,58.0,58.009998,54.990509,43
304,2020-12-15,57.16,57.93,57.150002,57.150002,54.175278,800
305,2020-12-16,57.189999,57.650002,56.259998,56.259998,53.331604,151
306,2020-12-17,56.450001,56.450001,56.450001,56.450001,53.511707,0
307,2020-12-18,56.5,56.709999,56.5,56.709999,53.758175,0
308,2020-12-21,56.599998,56.599998,56.599998,56.599998,53.6539,0
309,2020-12-22,55.860001,56.439999,55.59,55.59,52.696476,158
310,2020-12-23,54.869999,55.630001,54.869999,55.630001,52.734398,170
311,2020-12-28,55.509998,55.509998,55.5,55.5,52.61116,100
312,2020-12-29,55.43,55.43,55.389999,55.389999,52.506882,100
313,2020-12-30,55.099998,55.27,55.099998,55.27,52.393131,91
314,2021-01-04,55.52,57.0,55.52,57.0,54.033085,641
315,2021-01-05,56.82,57.360001,56.82,57.049999,54.080475,21
316,2021-01-06,56.919998,59.0,56.919998,59.0,55.92897,200
317,2021-01-07,58.82,60.0,58.82,59.5,56.40295,266
318,2021-01-08,61.25,62.0,61.040001,62.0,58.772827,450
319,2021-01-11,60.200001,60.349998,59.360001,59.970001,56.848488,1833
320,2021-01-12,62.299999,62.900002,62.299999,62.900002,59.625984,118
321,2021-01-13,62.18,62.52,61.450001,61.450001,58.251453,402
322,2021-01-14,61.450001,61.900002,61.369999,61.900002,58.678028,60
323,2021-01-15,61.419998,61.529999,61.419998,61.439999,58.24197,135
324,2021-01-18,62.759998,62.759998,62.759998,62.759998,59.493263,0
325,2021-01-19,62.93,63.400002,62.849998,62.849998,59.578579,365
326,2021-01-20,61.810001,61.810001,61.810001,61.810001,58.592716,0
327,2021-01-21,61.82,61.82,60.84,60.84,58.143539,50
328,2021-01-22,60.52,60.52,60.25,60.25,57.579697,26
329,2021-01-25,60.689999,60.689999,60.689999,60.689999,58.000195,0
330,2021-01-26,59.93,60.490002,59.93,60.490002,57.809055,20
331,2021-01-27,60.740002,61.0,60.740002,61.0,58.296455,30
332,2021-01-28,59.5,59.52,59.400002,59.52,56.88205,420
333,2021-01-29,58.48,59.880001,58.48,59.880001,57.226101,830
334,2021-02-01,58.830002,59.59,58.830002,59.09,56.471107,40
335,2021-02-02,59.02,59.860001,59.02,59.860001,57.206978,20
336,2021-02-03,59.459999,59.919998,59.459999,59.919998,57.26432,60
337,2021-02-04,60.700001,61.529999,60.700001,61.529999,58.802963,62
338,2021-02-05,60.779999,60.779999,60.779999,60.779999,58.086212,0
339,2021-02-08,59.790001,60.240002,59.790001,60.240002,57.570141,401
340,2021-02-09,60.099998,60.759998,60.099998,60.759998,58.067089,279
341,2021-02-10,60.400002,61.009998,60.400002,61.009998,58.306007,20
342,2021-02-11,60.599998,60.639999,60.599998,60.639999,57.952415,100
343,2021-02-12,60.41,61.110001,60.41,61.110001,58.401577,29
344,2021-02-15,62.259998,62.450001,62.259998,62.450001,59.68219,15
345,2021-02-16,61.990002,62.549999,61.939999,62.0,59.252136,979
346,2021-02-17,58.099998,60.040001,58.099998,60.040001,57.379002,2345
347,2021-02-18,59.959999,60.0,59.959999,60.0,57.340775,200
348,2021-02-19,58.669998,58.669998,58.5,58.5,55.907257,18
349,2021-02-22,57.700001,57.700001,57.650002,57.650002,55.094933,3
350,2021-02-23,57.709999,58.0,57.709999,58.0,55.42942,350
351,2021-02-24,56.900002,57.860001,56.900002,57.860001,55.295624,589
352,2021-02-25,57.57,58.0,57.57,58.0,55.42942,1000
353,2021-02-26,56.77,56.77,56.25,56.25,53.756973,316
354,2021-03-01,56.34,56.34,56.34,56.34,53.842991,0
355,2021-03-02,57.84,57.84,57.84,57.84,55.276505,65
356,2021-03-03,56.849998,56.860001,56.849998,56.860001,54.339943,17
357,2021-03-04,57.439999,57.439999,57.439999,57.439999,54.894238,18
358,2021-03-05,57.540001,57.540001,57.540001,57.540001,54.989807,0
359,2021-03-08,58.970001,60.0,58.970001,60.0,57.340775,32
360,2021-03-09,60.27,60.27,60.27,60.27,57.598812,50
361,2021-03-10,59.599998,59.599998,59.599998,59.599998,56.958504,0
362,2021-03-11,60.779999,60.779999,60.779999,60.779999,58.086212,0
363,2021-03-12,60.209999,60.27,60.209999,60.27,57.598812,74
364,2021-03-15,61.669998,63.0,61.669998,63.0,60.207817,200
365,2021-03-16,62.619999,63.0,62.619999,63.0,60.207817,115
366,2021-03-17,62.759998,62.93,62.0,62.93,60.140915,248
367,2021-03-18,62.150002,62.439999,62.150002,62.439999,59.672626,524
368,2021-03-19,62.32,62.490002,62.240002,62.240002,59.481503,319
369,2021-03-22,61.189999,61.189999,61.16,61.16,58.449368,4
370,2021-03-23,61.25,61.27,61.25,61.259998,58.544933,110
371,2021-03-24,60.419998,60.419998,60.419998,60.419998,57.742157,0
372,2021-03-25,61.73,61.73,61.73,61.73,58.994102,0
373,2021-03-26,62.720001,63.52,62.68,63.52,60.704773,62
374,2021-03-29,64.010002,64.980003,64.010002,64.699997,61.832462,37
375,2021-03-30,64.629997,64.720001,64.629997,64.720001,61.851578,40
376,2021-03-31,64.610001,64.730003,64.610001,64.730003,61.861149,18
377,2021-04-01,63.959999,64.739998,63.540001,63.540001,60.723877,412
378,2021-04-06,63.360001,64.139999,63.360001,64.139999,61.297291,40
379,2021-04-07,62.700001,62.700001,62.540001,62.540001,59.768208,140
380,2021-04-08,62.68,62.68,62.639999,62.639999,59.863766,15
381,2021-04-09,61.779999,62.18,61.779999,62.18,59.424152,25
382,2021-04-12,61.939999,62.700001,61.939999,62.700001,59.921108,600
383,2021-04-13,62.34,62.34,62.34,62.34,59.577065,0
384,2021-04-14,61.740002,61.740002,61.740002,61.740002,59.003654,0
385,2021-04-15,63.080002,63.080002,62.98,62.98,60.188698,34
386,2021-04-16,63.040001,63.459999,63.040001,63.459999,60.647423,29
387,2021-04-19,63.099998,63.099998,63.099998,63.099998,60.303375,0
388,2021-04-20,62.66,62.66,62.66,62.66,59.882885,0
389,2021-04-21,62.880001,62.880001,62.880001,62.880001,60.093136,0
390,2021-04-22,63.48,64.080002,63.48,64.080002,61.730812,40
391,2021-04-23,63.279999,63.279999,63.279999,63.279999,60.960144,0
392,2021-04-26,62.52,63.060001,62.52,62.959999,60.651867,59
393,2021-04-27,62.580002,62.580002,62.580002,62.580002,60.285801,0
394,2021-04-28,62.0,62.0,62.0,62.0,59.727066,0
395,2021-04-29,62.040001,62.619999,62.040001,62.48,60.189468,24
396,2021-04-30,62.66,62.66,62.66,62.66,60.362869,0
397,2021-05-03,63.5,64.040001,63.5,64.040001,61.69228,20
398,2021-05-04,65.739998,66.940002,65.739998,66.400002,63.965767,5710
399,2021-05-05,67.419998,68.459999,67.419998,68.459999,65.950233,96
400,2021-05-06,69.019997,69.379997,68.82,69.379997,66.83651,198
401,2021-05-07,69.199997,69.860001,69.199997,69.860001,67.29892,34
402,2021-05-10,70.199997,70.400002,70.0,70.400002,67.819122,361
403,2021-05-11,69.739998,69.760002,69.379997,69.379997,66.83651,185
404,2021-05-12,69.160004,69.900002,69.160004,69.339996,66.797966,19
405,2021-05-13,68.779999,68.779999,68.779999,68.779999,66.258514,0
406,2021-05-14,69.639999,70.080002,69.639999,69.639999,67.086975,59
407,2021-05-17,69.199997,69.480003,69.139999,69.480003,66.932846,60
408,2021-05-18,69.480003,72.440002,69.160004,72.440002,69.78434,129
409,2021-05-19,72.019997,72.800003,71.639999,72.800003,70.131134,562
410,2021-05-20,72.959999,72.959999,72.699997,72.699997,70.034805,285
411,2021-05-21,72.660004,73.68,72.660004,73.68,70.978882,152
412,2021-05-25,73.260002,73.480003,72.699997,72.699997,70.034805,66
413,2021-05-26,72.279999,72.339996,71.779999,71.779999,69.148521,15
414,2021-05-27,71.260002,72.099998,71.260002,72.099998,69.456802,0
415,2021-05-28,70.860001,71.080002,70.860001,71.080002,68.474197,73
416,2021-05-31,70.639999,71.279999,70.639999,71.279999,68.666855,35
417,2021-06-01,71.5,71.5,69.959999,69.959999,67.395248,163
418,2021-06-02,70.120003,70.620003,70.120003,70.620003,68.031059,160
419,2021-06-03,70.419998,70.419998,70.419998,70.419998,67.838387,0
420,2021-06-04,71.68,71.68,71.68,71.68,69.052193,0
421,2021-06-07,71.400002,71.400002,71.400002,71.400002,68.782455,3
422,2021-06-08,70.620003,70.620003,70.620003,70.620003,68.031059,2
423,2021-06-09,70.18,70.879997,70.18,70.879997,68.281517,20
424,2021-06-10,69.660004,70.400002,69.660004,70.400002,67.819122,30
425,2021-06-11,70.019997,70.199997,70.019997,70.199997,67.62645,3
426,2021-06-14,70.440002,70.440002,70.199997,70.199997,67.62645,8
427,2021-06-15,69.580002,69.580002,69.580002,69.580002,67.029182,0
428,2021-06-16,70.120003,70.779999,70.120003,70.480003,67.896187,100
429,2021-06-17,70.199997,70.940002,70.199997,70.800003,68.204468,173
430,2021-06-18,70.540001,71.099998,70.540001,71.099998,68.493454,300
431,2021-06-21,68.860001,69.5,68.860001,69.5,66.952118,1
432,2021-06-22,70.540001,70.760002,70.540001,70.760002,68.165924,5
433,2021-06-23,70.199997,70.720001,70.199997,70.720001,68.127388,75
434,2021-06-24,70.059998,70.059998,70.059998,70.059998,67.491577,0
435,2021-06-25,70.040001,70.18,70.040001,70.18,67.607185,0
436,2021-06-28,71.059998,71.059998,69.82,69.82,67.260376,1350
437,2021-06-29,70.440002,71.0,70.440002,71.0,68.397118,15
438,2021-06-30,69.919998,70.199997,69.919998,70.199997,67.62645,150
439,2021-07-01,70.339996,70.419998,70.339996,70.419998,67.838387,1
440,2021-07-02,69.720001,69.720001,69.720001,69.720001,67.164047,150
441,2021-07-05,69.82,69.82,69.239998,69.720001,67.164047,126
442,2021-07-06,69.160004,69.160004,68.059998,68.059998,65.564903,100
443,2021-07-07,68.32,68.559998,68.32,68.519997,66.008034,263
444,2021-07-08,68.599998,68.599998,67.879997,67.879997,65.391495,204
445,2021-07-09,67.5,68.599998,67.5,68.599998,66.085098,70
446,2021-07-12,69.0,69.0,69.0,69.0,66.470451,0
447,2021-07-13,68.68,69.580002,68.68,69.580002,67.029182,38
448,2021-07-14,68.940002,68.940002,68.940002,68.940002,66.412643,0
449,2021-07-15,69.279999,69.279999,69.279999,69.279999,66.740189,0
450,2021-07-16,69.220001,69.220001,69.220001,69.220001,66.682381,0
451,2021-07-19,68.860001,68.860001,68.860001,68.860001,66.335579,0
452,2021-07-20,68.419998,68.82,68.419998,68.82,66.297043,2
453,2021-07-21,69.279999,69.879997,69.279999,69.879997,67.318176,100
454,2021-07-22,70.160004,70.160004,70.160004,70.160004,68.075005,0
455,2021-07-23,70.18,70.720001,70.18,70.720001,68.618362,86
456,2021-07-26,70.199997,71.080002,70.199997,71.080002,68.967659,0
457,2021-07-27,69.919998,70.459999,69.919998,70.459999,68.366081,150
458,2021-07-28,70.480003,70.559998,70.440002,70.440002,68.346687,135
459,2021-07-29,70.099998,70.099998,70.059998,70.059998,67.977966,1
460,2021-07-30,69.5,69.5,69.5,69.5,67.434616,0
461,2021-08-02,69.360001,69.360001,69.360001,69.360001,67.298775,0
462,2021-08-03,69.5,69.900002,69.5,69.900002,67.822731,70
463,2021-08-04,70.400002,70.480003,70.400002,70.480003,68.38549,50
464,2021-08-05,68.760002,69.120003,67.919998,67.919998,65.901566,270
465,2021-08-06,67.940002,67.940002,67.940002,67.940002,65.920975,30
466,2021-08-09,68.720001,68.720001,68.720001,68.720001,66.677795,0
467,2021-08-10,69.260002,70.400002,69.260002,70.400002,68.307877,25
468,2021-08-11,70.800003,71.18,70.800003,71.18,69.06469,5
469,2021-08-12,72.040001,72.220001,72.040001,72.220001,70.073784,65
470,2021-08-13,72.300003,72.300003,72.300003,72.300003,70.151405,0
471,2021-08-16,71.199997,71.199997,71.199997,71.199997,69.084084,0
472,2021-08-17,72.199997,73.800003,72.199997,73.800003,71.606834,10
473,2021-08-18,73.559998,73.559998,73.419998,73.419998,71.238121,155
474,2021-08-19,72.059998,72.059998,71.440002,71.440002,69.316971,11
475,2021-08-20,71.739998,71.739998,71.739998,71.739998,69.60804,0
476,2021-08-23,72.940002,72.940002,72.940002,72.940002,70.7724,3
477,2021-08-24,71.919998,71.919998,71.919998,71.919998,69.782692,0
478,2021-08-25,71.260002,71.260002,71.260002,71.260002,69.142311,0
479,2021-08-26,70.800003,70.800003,70.800003,70.800003,68.695992,0
480,2021-08-27,71.019997,71.019997,71.019997,71.019997,68.909447,8
481,2021-08-30,70.699997,70.879997,70.699997,70.879997,68.773605,150
482,2021-08-31,71.480003,73.279999,71.480003,73.279999,71.10228,1125
483,2021-09-01,73.160004,74.059998,73.160004,74.059998,71.859108,500
484,2021-09-02,72.059998,72.459999,72.059998,72.459999,70.306648,0
485,2021-09-03,73.040001,73.040001,73.040001,73.040001,70.869415,0
486,2021-09-06,73.440002,73.440002,73.440002,73.440002,71.257523,0
487,2021-09-07,73.599998,73.599998,73.599998,73.599998,71.412773,0
488,2021-09-08,72.879997,73.059998,72.879997,73.059998,70.888817,108
489,2021-09-09,72.580002,73.239998,72.580002,72.639999,70.4813,624
490,2021-09-10,72.160004,72.160004,72.160004,72.160004,70.015572,0
491,2021-09-13,71.0,71.919998,71.0,71.919998,69.782692,25
492,2021-09-14,71.379997,71.379997,71.379997,71.379997,69.258743,0
493,2021-09-15,70.839996,70.919998,70.779999,70.779999,68.676575,266
494,2021-09-16,72.220001,72.660004,72.220001,72.660004,70.50071,6
495,2021-09-17,72.260002,72.260002,72.199997,72.199997,70.054375,22
496,2021-09-20,72.480003,72.660004,72.339996,72.360001,70.20961,143
497,2021-09-21,72.059998,72.82,71.800003,71.800003,69.666275,59
498,2021-09-22,71.599998,71.599998,71.599998,71.599998,69.472206,0
499,2021-09-23,71.599998,71.599998,71.599998,71.599998,69.472206,0
500,2021-09-24,72.120003,72.120003,72.120003,72.120003,69.976753,0
501,2021-09-27,72.32,72.379997,72.32,72.379997,70.229027,5
502,2021-09-28,73.199997,73.199997,72.940002,72.940002,70.7724,270
503,2021-09-29,73.940002,74.900002,73.879997,74.900002,72.674141,468
504,2021-09-30,74.900002,75.660004,74.900002,75.459999,73.217499,540
505,2021-10-01,72.919998,72.919998,72.919998,72.919998,70.752983,0
506,2021-10-04,72.080002,72.080002,72.080002,72.080002,69.937943,0
507,2021-10-05,72.080002,72.080002,72.080002,72.080002,69.937943,0
508,2021-10-06,71.760002,71.879997,71.760002,71.879997,69.743881,100
509,2021-10-07,72.019997,72.400002,72.019997,72.400002,70.248436,0
510,2021-10-08,72.760002,73.260002,72.760002,73.080002,70.908226,300
511,2021-10-11,72.699997,72.699997,72.699997,72.699997,70.53952,0
512,2021-10-12,72.519997,73.0,72.519997,73.0,70.830597,0
513,2021-10-13,72.239998,72.239998,71.900002,71.900002,69.763298,0
514,2021-10-14,71.699997,72.480003,71.699997,72.480003,70.326065,0
515,2021-10-15,72.860001,73.279999,72.860001,73.279999,71.10228,0
516,2021-10-18,73.800003,73.800003,73.800003,73.800003,71.606834,0
517,2021-10-19,72.260002,72.260002,72.260002,72.260002,70.112602,0
518,2021-10-20,72.620003,73.68,72.620003,73.68,71.490395,274
519,2021-10-21,73.900002,74.0,73.900002,74.0,72.291466,150
520,2021-10-22,74.419998,74.580002,74.419998,74.580002,72.85807,200
521,2021-10-25,74.839996,74.940002,74.839996,74.940002,73.20977,190
522,2021-10-26,75.32,75.32,75.32,75.32,73.580986,0
523,2021-10-27,76.080002,76.099998,76.080002,76.099998,74.342972,4
524,2021-10-28,75.760002,75.900002,75.760002,75.900002,74.147591,4
525,2021-10-29,75.519997,75.760002,75.519997,75.760002,74.010826,0
526,2021-11-01,77.18,77.239998,77.18,77.239998,75.45665,125
527,2021-11-02,78.379997,78.379997,78.379997,78.379997,76.570335,13
528,2021-11-03,78.480003,79.720001,78.400002,79.720001,77.879395,180
529,2021-11-04,82.959999,83.660004,82.959999,83.660004,81.728432,316
530,2021-11-05,81.559998,81.559998,81.559998,81.559998,79.67691,0
531,2021-11-08,80.860001,80.860001,80.860001,80.860001,78.993073,0
532,2021-11-09,80.5,80.82,80.5,80.82,78.953995,0
533,2021-11-10,79.879997,80.5,79.879997,80.5,78.641388,70
534,2021-11-11,80.779999,81.239998,80.779999,81.239998,79.364296,1
535,2021-11-12,82.099998,82.099998,82.099998,82.099998,80.204445,0
536,2021-11-15,81.82,82.5,81.82,82.5,80.595215,88
537,2021-11-16,81.900002,81.900002,81.900002,81.900002,80.009064,0
538,2021-11-17,81.900002,81.900002,81.900002,81.900002,80.009064,0
539,2021-11-18,81.779999,81.779999,81.779999,81.779999,79.891838,0
540,2021-11-19,83.980003,84.32,83.980003,84.32,82.373192,200
541,2021-11-22,82.599998,82.599998,82.580002,82.580002,80.67337,62
542,2021-11-23,82.400002,82.699997,82.400002,82.699997,80.790596,35
543,2021-11-24,83.0,83.5,82.660004,82.660004,80.751518,727
544,2021-11-25,82.599998,83.400002,82.599998,83.400002,81.474434,51
545,2021-11-26,80.739998,80.739998,80.580002,80.580002,78.719543,140
546,2021-11-29,81.300003,82.139999,81.300003,82.139999,80.243523,90
547,2021-11-30,80.720001,80.839996,80.720001,80.839996,78.973534,247
548,2021-12-01,78.82,79.5,78.82,79.5,77.664474,160
549,2021-12-02,78.540001,78.540001,78.540001,78.540001,76.726646,0
550,2021-12-03,79.980003,80.080002,79.980003,80.080002,78.231087,28
551,2021-12-06,80.559998,81.239998,80.540001,81.239998,79.364296,70
552,2021-12-07,82.080002,82.900002,82.080002,82.900002,80.98597,125
553,2021-12-08,82.160004,82.879997,82.160004,82.879997,80.966438,0
554,2021-12-09,81.879997,86.459999,81.879997,86.459999,84.463791,25
555,2021-12-10,86.800003,86.860001,86.580002,86.860001,84.854546,128
556,2021-12-13,88.019997,88.339996,87.580002,87.580002,85.55793,339
557,2021-12-14,87.620003,87.800003,87.620003,87.800003,85.77285,120
558,2021-12-15,87.300003,87.300003,87.300003,87.300003,85.284393,0
559,2021-12-16,89.019997,90.0,88.800003,90.0,87.922058,107
560,2021-12-17,88.959999,89.779999,88.959999,89.239998,87.179596,9
561,2021-12-20,88.440002,88.760002,88.400002,88.760002,86.71067,26
562,2021-12-21,88.900002,88.900002,88.68,88.68,86.63253,80
563,2021-12-22,89.139999,89.260002,88.760002,89.260002,87.199135,127
564,2021-12-23,88.800003,89.860001,88.800003,89.639999,87.570358,70
565,2021-12-27,89.239998,90.0,89.239998,89.940002,87.863434,66
566,2021-12-28,90.099998,90.959999,90.099998,90.959999,88.859886,25
567,2021-12-29,90.779999,91.040001,90.779999,91.040001,88.938034,0
568,2021-12-30,91.339996,91.980003,91.339996,91.980003,89.856339,250
569,2022-01-03,91.199997,92.199997,91.199997,92.199997,90.071251,360
570,2022-01-04,92.059998,93.019997,92.059998,92.279999,90.149406,224
571,2022-01-05,91.959999,91.959999,91.959999,91.959999,89.8368,0
572,2022-01-06,93.519997,94.0,91.139999,91.139999,89.035728,43
573,2022-01-07,90.720001,90.720001,90.0,90.0,87.922058,240
574,2022-01-10,91.879997,91.879997,91.860001,91.860001,89.739105,23
575,2022-01-11,92.339996,93.580002,92.339996,93.580002,91.419395,23
576,2022-01-12,93.120003,93.639999,93.120003,93.639999,91.478012,55
577,2022-01-13,92.099998,92.540001,91.459999,92.019997,89.895409,55
578,2022-01-14,91.760002,91.760002,91.760002,91.760002,89.641418,0
579,2022-01-17,93.160004,93.160004,93.160004,93.160004,91.009094,60
580,2022-01-18,92.900002,92.900002,92.900002,92.900002,90.755096,0
581,2022-01-19,91.699997,91.699997,91.699997,91.699997,89.582794,0
582,2022-01-20,91.0,91.5,90.599998,91.419998,89.848152,818
583,2022-01-21,90.059998,90.059998,89.800003,89.800003,88.256012,46
584,2022-01-24,89.580002,90.239998,88.980003,89.099998,87.568047,396
585,2022-01-25,90.5,91.339996,90.5,91.339996,89.769531,400
586,2022-01-26,91.019997,91.459999,91.019997,91.459999,89.887474,15
587,2022-01-27,92.82,95.699997,92.82,95.699997,94.054573,48
588,2022-01-28,95.879997,95.879997,95.599998,95.599998,93.956291,20
589,2022-01-31,97.779999,98.32,97.779999,97.779999,96.098801,164
590,2022-02-01,94.459999,94.459999,94.400002,94.400002,92.776924,40
591,2022-02-02,94.139999,94.139999,94.139999,94.139999,92.521393,0
592,2022-02-03,95.980003,96.040001,95.339996,95.400002,93.759735,90
593,2022-02-04,95.160004,95.160004,94.860001,94.860001,93.229012,40
594,2022-02-07,95.82,95.82,95.82,95.82,94.172508,100
595,2022-02-08,95.620003,96.980003,95.620003,96.980003,95.312561,1433
596,2022-02-09,97.580002,97.580002,93.0,93.0,91.400993,80
597,2022-02-10,91.379997,92.32,90.980003,92.32,90.732681,78
598,2022-02-11,92.059998,92.059998,92.059998,92.059998,90.477158,0
599,2022-02-14,90.800003,90.800003,90.699997,90.699997,89.140533,139
600,2022-02-15,90.699997,91.699997,90.699997,91.699997,90.123344,55
601,2022-02-16,90.339996,91.519997,90.260002,91.519997,89.946434,60
602,2022-02-17,91.080002,91.080002,90.0,90.0,88.452576,90
603,2022-02-18,89.980003,90.459999,89.900002,89.900002,88.354294,185
604,2022-02-21,89.900002,89.900002,87.5,87.5,85.99556,0
605,2022-02-22,88.0,89.5,88.0,89.480003,87.941521,234
606,2022-02-23,90.019997,90.580002,89.68,90.580002,89.022598,2250
607,2022-02-24,88.5,89.839996,88.5,89.0,87.469765,32
608,2022-02-25,89.480003,89.480003,89.480003,89.480003,87.941521,0
609,2022-02-28,92.239998,92.639999,91.419998,91.800003,90.221634,136
610,2022-03-01,92.5,92.5,91.360001,91.360001,89.789192,18
611,2022-03-02,91.660004,94.32,91.660004,94.32,92.698296,2
612,2022-03-03,93.980003,94.419998,93.980003,94.419998,92.79657,20
613,2022-03-04,94.459999,95.739998,94.459999,95.739998,94.09388,76
614,2022-03-07,95.860001,97.5,95.459999,96.5,94.84082,175
615,2022-03-08,95.099998,96.099998,95.099998,96.099998,94.447685,30
616,2022-03-09,93.760002,93.900002,93.139999,93.139999,91.538589,20
617,2022-03-10,93.360001,93.360001,93.360001,93.360001,91.754807,0
618,2022-03-11,94.480003,94.620003,94.480003,94.620003,92.993149,300
619,2022-03-14,94.720001,94.720001,94.5,94.580002,92.953827,211
620,2022-03-15,94.839996,94.839996,94.839996,94.839996,93.209351,0
621,2022-03-16,97.580002,97.580002,97.580002,97.580002,95.902252,0
622,2022-03-17,96.82,96.82,96.82,96.82,95.155312,0
623,2022-03-18,97.599998,97.599998,97.599998,97.599998,95.921898,0
624,2022-03-21,96.940002,96.940002,96.940002,96.940002,95.273254,0
625,2022-03-22,97.540001,97.540001,97.540001,97.540001,95.86293,0
626,2022-03-23,97.099998,97.620003,97.099998,97.620003,95.941559,200
627,2022-03-24,96.68,96.68,96.620003,96.620003,94.958755,0
628,2022-03-25,97.839996,98.559998,97.839996,98.559998,96.865395,100
629,2022-03-28,99.139999,99.519997,99.139999,99.519997,97.808891,525
630,2022-03-29,98.260002,98.260002,98.260002,98.260002,96.570557,0
631,2022-03-30,93.879997,93.879997,92.980003,92.980003,91.381332,200
632,2022-03-31,92.5,92.5,92.5,92.5,90.909592,0
633,2022-04-01,91.230003,91.230003,91.230003,91.230003,89.661438,0
634,2022-04-04,91.389999,91.389999,90.0,90.339996,88.78672,285
635,2022-04-05,90.919998,90.919998,90.470001,90.470001,88.91449,150
636,2022-04-06,91.099998,91.099998,90.650002,90.650002,89.0914,50
637,2022-04-07,93.07,93.970001,93.07,93.970001,92.354317,180
638,2022-04-08,95.129997,95.129997,95.080002,95.080002,93.445229,0
639,2022-04-11,97.519997,97.760002,97.519997,97.760002,96.079155,100
640,2022-04-12,95.690002,95.690002,95.690002,95.690002,94.044746,0
641,2022-04-13,96.669998,97.290001,96.660004,97.290001,95.617226,180
642,2022-04-14,96.120003,96.120003,96.120003,96.120003,94.467346,0
643,2022-04-19,94.940002,94.940002,94.940002,94.940002,93.30764,0
644,2022-04-20,95.629997,98.779999,95.379997,98.300003,96.609879,106
645,2022-04-21,98.099998,98.099998,98.080002,98.080002,96.93602,5
646,2022-04-22,96.639999,96.639999,96.639999,96.639999,95.51281,0
647,2022-04-25,96.639999,96.639999,96.639999,96.639999,95.51281,0
648,2022-04-26,94.660004,94.660004,94.660004,94.660004,93.555908,0
649,2022-04-27,95.529999,96.169998,95.519997,95.519997,94.405876,119
650,2022-04-28,96.07,96.07,96.07,96.07,94.949463,0
651,2022-04-29,95.599998,95.599998,95.599998,95.599998,94.48494,0
652,2022-05-02,91.370003,91.370003,91.370003,91.370003,90.304283,0
653,2022-05-03,91.730003,91.730003,91.730003,91.730003,90.66008,0
654,2022-05-04,91.089996,91.110001,91.089996,91.110001,90.047318,12
655,2022-05-05,94.559998,94.559998,94.559998,94.559998,93.457069,0
656,2022-05-06,92.660004,92.660004,92.660004,92.660004,91.579239,0
657,2022-05-09,95.199997,95.199997,93.75,93.75,92.656525,177
658,2022-05-10,93.580002,94.440002,93.580002,94.440002,93.33847,8
659,2022-05-11,92.959999,92.959999,92.959999,92.959999,91.875732,0
660,2022-05-12,92.879997,92.919998,92.879997,92.919998,91.836197,0
661,2022-05-13,94.699997,94.699997,94.559998,94.559998,93.457069,8
662,2022-05-16,93.18,93.82,93.18,93.82,92.7257,6
663,2022-05-17,94.309998,94.309998,94.309998,94.309998,93.209984,0
664,2022-05-18,94.019997,94.019997,94.019997,94.019997,92.92337,0
665,2022-05-19,89.339996,89.339996,86.989998,86.989998,85.975365,835
666,2022-05-20,88.050003,88.139999,88.050003,88.139999,87.111946,12
667,2022-05-23,90.209999,90.400002,89.970001,89.970001,88.920609,511
668,2022-05-24,88.910004,88.910004,88.910004,88.910004,87.872978,0
669,2022-05-25,90.0,90.0,90.0,90.0,88.950256,0
670,2022-05-26,90.68,90.68,90.68,90.68,89.62233,0
671,2022-05-27,90.059998,90.059998,90.059998,90.059998,89.00956,0
672,2022-05-30,91.18,91.18,91.18,91.18,90.116493,0
673,2022-05-31,91.160004,91.760002,91.160004,91.760002,90.689728,25
674,2022-06-01,90.290001,90.290001,90.290001,90.290001,89.23687,0
675,2022-06-02,90.309998,90.309998,90.309998,90.309998,89.256638,0
676,2022-06-03,90.230003,90.230003,90.230003,90.230003,89.177574,0
677,2022-06-06,88.309998,88.309998,87.980003,87.980003,86.953827,200
678,2022-06-07,89.540001,89.540001,89.540001,89.540001,88.495628,8
679,2022-06-08,89.370003,89.370003,88.370003,88.370003,87.339272,138
680,2022-06-09,87.209999,87.209999,87.209999,87.209999,86.192795,0
681,2022-06-10,87.059998,88.059998,87.059998,88.059998,87.03289,191
682,2022-06-13,87.120003,87.120003,87.120003,87.120003,86.103851,0
683,2022-06-14,87.220001,87.220001,87.010002,87.010002,85.995132,138
684,2022-06-15,86.519997,86.519997,86.519997,86.519997,85.510849,0
685,2022-06-16,87.220001,87.220001,85.419998,85.419998,84.423683,235
686,2022-06-17,85.489998,85.489998,85.489998,85.489998,84.492859,0
687,2022-06-20,84.0,84.0,83.0,83.0,82.031906,199
688,2022-06-21,83.620003,83.620003,83.620003,83.620003,82.644676,0
689,2022-06-22,85.93,85.93,85.93,85.93,84.927727,0
690,2022-06-23,86.080002,86.080002,86.080002,86.080002,85.075981,0
691,2022-06-24,87.730003,87.730003,87.730003,87.730003,86.706734,0
692,2022-06-27,89.239998,89.239998,89.239998,89.239998,88.19912,0
693,2022-06-28,89.139999,89.139999,89.139999,89.139999,88.100288,0
694,2022-06-29,88.550003,88.550003,88.550003,88.550003,87.517174,0
695,2022-06-30,88.779999,88.980003,88.779999,88.980003,87.942154,25
696,2022-07-01,87.980003,87.980003,87.980003,87.980003,86.953827,0
697,2022-07-04,89.580002,89.580002,89.489998,89.489998,88.446205,25
698,2022-07-05,89.970001,89.970001,89.720001,89.720001,88.673531,3
699,2022-07-06,89.849998,89.849998,89.849998,89.849998,88.802002,40
700,2022-07-07,91.220001,91.620003,91.220001,91.620003,90.551361,30
701,2022-07-08,91.849998,92.349998,91.849998,92.349998,91.272842,23
702,2022-07-11,92.360001,92.360001,92.360001,92.360001,91.282738,0
703,2022-07-12,94.080002,94.080002,94.080002,94.080002,92.982674,0
704,2022-07-13,94.389999,94.389999,94.389999,94.389999,93.289055,0
705,2022-07-14,92.879997,92.879997,91.68,91.68,90.610664,193
706,2022-07-15,92.449997,92.449997,92.449997,92.449997,91.371681,0
707,2022-07-18,94.620003,94.620003,94.290001,94.290001,93.190216,1
708,2022-07-19,92.699997,92.699997,92.699997,92.699997,91.618759,0
709,2022-07-20,94.449997,94.449997,94.449997,94.449997,93.348351,0
710,2022-07-21,92.309998,92.309998,92.309998,92.309998,91.767693,0
711,2022-07-22,90.800003,91.400002,90.800003,91.400002,90.863045,22
712,2022-07-25,91.440002,91.440002,91.440002,91.440002,90.902809,0
713,2022-07-26,90.139999,90.139999,90.139999,90.139999,89.610443,0
714,2022-07-27,93.870003,93.870003,93.870003,93.870003,93.318535,0
715,2022-07-28,93.300003,93.300003,93.300003,93.300003,92.751884,0
716,2022-07-29,93.209999,93.209999,93.209999,93.209999,92.662407,0
717,2022-08-01,92.860001,92.860001,92.860001,92.860001,92.314468,0
718,2022-08-02,92.889999,92.889999,92.889999,92.889999,92.344292,0
719,2022-08-03,94.190002,94.190002,94.190002,94.190002,93.63665,0
720,2022-08-04,99.370003,99.370003,99.370003,99.370003,98.786224,0
721,2022-08-05,99.309998,99.669998,99.309998,99.669998,99.084457,46
722,2022-08-08,100.040001,100.860001,100.040001,100.459999,99.869812,261
723,2022-08-09,99.690002,99.690002,99.690002,99.690002,99.10434,0
724,2022-08-10,101.220001,101.220001,100.599998,100.599998,100.008995,70
725,2022-08-11,100.860001,100.860001,100.860001,100.860001,100.267464,0
726,2022-08-12,100.800003,101.580002,100.800003,101.580002,100.983238,150
727,2022-08-15,103.239998,103.239998,103.239998,103.239998,102.633484,0
728,2022-08-16,104.260002,104.339996,104.260002,104.339996,103.72702,5
729,2022-08-17,104.18,104.18,104.18,104.18,103.567963,0
730,2022-08-18,102.660004,102.660004,102.660004,102.660004,102.056892,0
731,2022-08-19,102.099998,102.099998,102.099998,102.099998,101.500183,0
732,2022-08-22,102.879997,102.879997,102.879997,102.879997,102.275597,0
733,2022-08-23,102.559998,102.559998,102.559998,102.559998,101.957474,0
734,2022-08-24,100.660004,100.660004,100.660004,100.660004,100.068642,0
735,2022-08-25,101.099998,102.220001,101.099998,102.220001,101.619476,50
736,2022-08-26,101.800003,101.800003,101.800003,101.800003,101.20195,0
737,2022-08-29,99.25,99.25,99.25,99.25,98.666924,0
738,2022-08-30,100.080002,100.080002,100.080002,100.080002,99.49205,0
739,2022-08-31,98.57,98.57,98.029999,98.029999,97.454094,205
740,2022-09-01,97.120003,97.120003,97.120003,97.120003,96.549438,0
741,2022-09-02,99.480003,100.139999,99.480003,100.139999,99.551697,7
742,2022-09-05,100.260002,100.260002,100.260002,100.260002,99.67099,0
743,2022-09-06,99.449997,99.449997,99.449997,99.449997,98.865746,0
744,2022-09-07,99.919998,99.919998,99.919998,99.919998,99.332985,100
745,2022-09-08,102.379997,102.5,102.379997,102.5,101.897835,500
746,2022-09-09,101.360001,101.360001,101.360001,101.360001,100.764526,0
747,2022-09-12,101.360001,101.360001,101.360001,101.360001,100.764526,0
748,2022-09-13,101.419998,101.419998,101.419998,100.900002,100.307236,0
749,2022-09-14,100.099998,100.099998,100.099998,101.419998,100.824173,0
750,2022-09-15,100.919998,102.260002,100.919998,102.260002,101.659241,365
751,2022-09-16,101.360001,102.480003,101.360001,101.599998,101.00312,34
752,2022-09-19,101.480003,101.480003,101.480003,101.480003,100.883827,0
753,2022-09-20,101.639999,101.919998,101.639999,101.919998,101.321236,50
754,2022-09-21,101.279999,101.279999,101.279999,101.279999,100.684998,0
755,2022-09-22,100.779999,100.779999,100.779999,100.779999,100.187935,0
756,2022-09-23,100.940002,100.940002,100.940002,100.940002,100.347,0
757,2022-09-26,101.220001,101.220001,101.220001,101.220001,100.625351,0
758,2022-09-27,101.440002,101.440002,101.440002,101.440002,100.844063,0
759,2022-09-28,100.959999,100.959999,100.959999,100.959999,100.366875,0
760,2022-09-29,100.879997,100.879997,100.879997,100.879997,100.287346,0
761,2022-09-30,98.239998,98.239998,98.239998,98.239998,97.662857,0
762,2022-10-03,96.790001,96.839996,96.790001,96.839996,96.27108,50
763,2022-10-04,100.68,100.68,100.540001,100.540001,99.949348,300
764,2022-10-05,99.919998,99.919998,99.919998,99.919998,99.332985,0
765,2022-10-06,101.139999,101.400002,100.959999,101.400002,100.804298,70
766,2022-10-07,94.480003,95.980003,94.480003,95.050003,94.4916,1014
767,2022-10-10,90.010002,91.029999,90.010002,90.809998,90.276505,270
768,2022-10-11,90.209999,91.010002,90.209999,91.010002,90.475334,200
769,2022-10-12,91.080002,91.860001,91.080002,91.860001,91.320343,210
770,2022-10-13,90.209999,90.209999,90.209999,90.209999,89.680031,0
771,2022-10-14,93.010002,93.010002,93.010002,93.010002,92.463585,0
772,2022-10-17,91.669998,91.669998,91.669998,91.669998,91.131454,0
773,2022-10-18,92.989998,93.410004,92.989998,93.410004,92.861237,17
774,2022-10-19,93.620003,93.620003,93.620003,93.620003,93.07,0
775,2022-10-20,93.900002,93.900002,93.900002,93.900002,93.900002,10
776,2022-10-21,92.550003,92.550003,92.550003,92.550003,92.550003,0
